{
  "gw": 11,
  "generated_utc": "2025-11-08T18:06:01.426394",
  "bears": {
    "entry_id": null,
    "bank": 0.7,
    "team_value": 101.4,
    "chip_active": null,
    "captain": 430,
    "vice_captain": 624,
    "starting_xi": [
      1,
      373,
      260,
      36,
      642,
      82,
      119,
      267,
      430,
      624,
      249
    ],
    "bench": [
      32,
      575,
      10,
      52
    ]
  },
  "wigan": {
    "entry_id": null,
    "bank": 5.7,
    "team_value": 101.9,
    "chip_active": null,
    "captain": 241,
    "vice_captain": 384,
    "starting_xi": [
      1,
      225,
      260,
      6,
      5,
      267,
      384,
      419,
      241,
      64,
      178
    ],
    "bench": [
      32,
      387,
      373,
      714
    ]
  },
  "model": {
    "baseline": {
      "xi": [
        32,
        260,
        36,
        10,
        267,
        642,
        430,
        52,
        373,
        575,
        82
      ],
      "expected_points": 9.306749536631763
    },
    "best_ft": {
      "type": "FT",
      "out": 373,
      "in": 5,
      "gain_vs_hold": 3.4487010309278343,
      "xi": [
        32,
        5,
        260,
        36,
        267,
        642,
        430,
        52,
        10,
        575,
        82
      ],
      "expected_points": 12.755450567559597
    },
    "best_hit_minus4": {
      "type": "NONE",
      "out": null,
      "in": null,
      "gain_vs_best_ft_minus4": 0.0,
      "xi": [
        32,
        5,
        260,
        36,
        267,
        642,
        430,
        52,
        10,
        575,
        82
      ],
      "expected_points": 12.755450567559597
    }
  }
}